date,type,position_size,price,investments,cash,portfolio,Pnl
2025-03-29 06:00:00,buy,0.0011902969374254948,84012.65,99.99999999999999,900.0,1000.0,0.0
2025-03-29 07:00:00,buy,0.001193498583555881,83787.28,199.73174277921242,800.0,999.7317427792125,0.0
2025-03-29 08:00:00,buy,0.001194288957974524,83731.83,299.599561317574,700.0,999.599561317574,0.0
2025-03-29 09:00:00,buy,0.0011913989573352885,83934.94,400.3263060560947,600.0,1000.3263060560947,0.0
2025-03-29 10:00:00,buy,0.0011969625877373577,83544.8,498.4655397882601,500.0,998.4655397882601,0.0
2025-03-29 11:00:00,buy,0.0012058682371894587,82927.8,594.7842425914346,400.0,994.7842425914346,0.0
2025-03-29 12:00:00,buy,0.001215161915464588,82293.56,690.2352739943996,300.0,990.2352739943996,0.0
2025-03-29 13:00:00,buy,0.0012126696327757437,82462.69,791.6538478401619,200.0,991.6538478401619,0.0
2025-03-29 14:00:00,buy,0.0012069721955850164,82851.95,895.3908005979516,100.0,995.3908005979516,0.0
2025-03-29 15:00:00,buy,0.0012120621516381867,82504.02,991.6306800304569,0.0,991.6306800304569,0.0
2025-04-03 08:00:00,sell,0.0011902969374254948,83456.76,903.7435078974789,99.33832583545454,1003.0818337329334,-0.6616741645454454
2025-04-03 09:00:00,sell,0.001193498583555881,83680.0,806.2889863153896,199.21028730741068,1005.4992736228003,-0.1280385280438736
2025-04-03 10:00:00,sell,0.001194288957974524,83483.04,704.6883281073966,298.9131601575562,1003.6014882649529,-0.2971271498544894
2025-04-03 11:00:00,sell,0.0011913989573352885,83220.01,603.3198335678522,398.06139330098847,1001.3812268688407,-0.8517668565677212
2025-04-03 12:00:00,sell,0.0011969625877373577,83096.01,502.9580560142744,497.52420846123783,1000.4822644755122,-0.5371848397506511
2025-04-03 13:00:00,sell,0.0012058682371894587,81949.06,397.19610407929497,596.343976982771,993.540081062066,-1.1802314784668226
2025-04-03 14:00:00,sell,0.001215161915464588,82373.57,299.1564220157219,696.4412020876273,995.5976241033492,0.09722510485633507
2025-04-03 15:00:00,sell,0.0012126696327757437,81532.0,197.22870839780222,795.3125825870992,992.5412909849015,-1.1286195005280604
2025-04-03 16:00:00,sell,0.0012069721955850164,82039.32,99.43675471813373,894.331760771801,993.7685154899348,-0.980821815298242
2025-04-03 17:00:00,sell,0.0012120621516381867,81830.56,0.0,993.5154853951587,993.5154853951587,-0.8162753766422526
2025-04-03 18:00:00,buy,0.0012220455551697966,81830.01,100.0,893.5154853951587,993.5154853951587,0.0
2025-04-03 19:00:00,buy,0.001217886613538393,82109.45,200.34148840993666,793.5154853951587,993.8569738050954,0.0
2025-04-03 20:00:00,buy,0.001219367060701068,82009.76,300.0982515720381,693.5154853951587,993.6137369671969,0.0
2025-04-03 21:00:00,buy,0.0012141228223644823,82363.99,401.39448513807184,593.5154853951587,994.9099705332305,0.0
2025-04-03 22:00:00,buy,0.0012089334378174207,82717.54,503.11748350447635,493.51548539515875,996.6329688996351,0.0
2025-04-03 23:00:00,buy,0.0012085547304886693,82743.46,603.2751381587667,393.51548539515875,996.7906235539255,0.0
2025-04-04 00:00:00,buy,0.0012017340060319838,83213.09,706.6991683254226,293.51548539515875,1000.2146537205814,0.0
2025-04-04 01:00:00,buy,0.0012041472758817005,83046.32,805.2828500478341,193.51548539515875,998.7983354429929,0.0
2025-04-04 02:00:00,buy,0.0012092497935205979,82695.9,901.8849003697053,93.51548539515875,995.400385764864,0.0
2025-04-06 04:00:00,sell,0.0012220455551697966,83344.14,807.1042967426603,195.36582123160798,1002.4701179742683,1.850335836449247
2025-04-06 05:00:00,sell,0.001217886613538393,83499.99,706.9200274272034,297.0593412831977,1003.9793687104011,1.6935200515896867
2025-04-06 06:00:00,sell,0.001219367060701068,83450.0,604.7406254164501,398.8155224987018,1003.556147915152,1.7561812155041139
2025-04-06 07:00:00,sell,0.0012141228223644823,83110.24,501.3724331758809,499.7215616548913,1001.0939948307721,0.9060391561894932
2025-04-06 08:00:00,sell,0.0012089334378174207,83024.97,400.4863693261789,600.0932240616795,1000.5795933878584,0.37166240678821794
2025-04-06 09:00:00,sell,0.0012085547304886693,83034.27,300.17976980300057,700.4446838628529,1000.6244536658535,0.35145980117340514
2025-04-06 10:00:00,sell,0.0012017340060319838,83075.15,200.49332355015633,800.2789166740608,1000.7722402242172,-0.16576718879205998
2025-04-06 11:00:00,sell,0.0012041472758817005,82870.26,100.21084479399826,900.0669145046691,1000.2777592986673,-0.2120021693917522
2025-04-06 12:00:00,buy,0.0012069133444667065,82855.99,200.1935887994447,800.0669145046691,1000.2605033041137,0.0
2025-04-06 13:00:00,buy,0.0012092190863140584,82698.0,299.8118591852741,700.0669145046691,999.8787736899432,0.0
2025-04-06 14:00:00,buy,0.001214978104272094,82306.01,398.3907456071702,600.0669145046691,998.4576601118392,0.0
2025-04-06 15:00:00,sell,0.0012092497935205979,82667.08,300.1733050900575,700.0320639256198,1000.2053690156773,-0.034850579049248154
2025-04-06 16:00:00,buy,0.0012114111049571427,82548.36,399.742219647336,600.0320639256198,999.7742835729558,0.0
2025-04-06 17:00:00,buy,0.0012199586702401695,81969.99,496.9414504064035,500.0320639256198,996.9735143320233,0.0
2025-04-06 18:00:00,buy,0.0012374888332101414,80808.81,589.9018195197472,400.0320639256198,989.933883445367,0.0
2025-04-06 19:00:00,buy,0.0012641060008502377,79107.29,677.4807760227665,300.0320639256198,977.5128399483863,0.0
2025-04-06 20:00:00,buy,0.0012560551277571352,79614.34,781.8231903246892,200.0320639256198,981.855254250309,0.0
2025-04-06 21:00:00,buy,0.0012679415311585853,78867.99,874.4939360961316,100.03206392561981,974.5260000217514,0.0
2025-04-06 22:00:00,buy,0.0012666146594687488,78950.61,975.4100325885141,0.0320639256198092,975.4420965141339,0.0
2025-04-11 14:00:00,sell,0.0012069133444667065,82930.67,924.4922937026631,100.12219621418457,1024.6144899168478,0.0901322885647744
2025-04-11 15:00:00,sell,0.0012092190863140584,81898.0,813.9476981057136,199.15482094513334,1013.1025190508469,-0.9673752690512458
2025-04-11 16:00:00,sell,0.001214978104272094,82521.74,719.8846645711452,299.416928171568,1019.3015927427132,0.2621072264346367
2025-04-11 17:00:00,sell,0.0012114111049571427,82792.46,621.9506055955566,399.712633622288,1021.6632392178446,0.2957054507200496
2025-04-11 18:00:00,sell,0.0012199586702401695,83930.0,528.1048623746962,502.10376481554545,1030.2086271902417,2.391131193257422
2025-04-11 19:00:00,sell,0.0012374888332101414,83608.0,422.6148056265754,605.567731182579,1028.1825368091545,3.463966367033507
2025-04-11 20:00:00,sell,0.0012641060008502377,83858.28,317.87414530825396,711.5734861515584,1029.4476314598123,6.005754968979474
2025-04-11 21:00:00,sell,0.0012560551277571352,83848.01,212.51749281728263,816.89120906429,1029.4087018815726,5.31772291273154
2025-04-11 22:00:00,sell,0.0012679415311585853,83674.01,105.98272768253467,922.9849614218688,1028.9676891044035,6.093752357578765
2025-04-11 23:00:00,sell,0.0012666146594687488,83415.35,0.0,1028.6400665565852,1028.6400665565852,5.655105134716507
2025-05-05 17:00:00,buy,0.0010615000205400254,94206.31,100.0,928.6400665565852,1028.6400665565852,0.0
2025-05-05 18:00:00,buy,0.0010582009462221222,94500.01,200.3117625560326,828.6400665565852,1028.9518291126178,0.0
2025-05-05 19:00:00,buy,0.0010556274496494736,94730.39,300.80009926475526,728.6400665565852,1029.4401658213405,0.0
2025-05-05 20:00:00,buy,0.0010599153170058324,94347.16,399.5832181557339,628.6400665565852,1028.2232847123191,0.0
2025-05-05 21:00:00,buy,0.001061097911642589,94242.01,499.137882277165,528.6400665565852,1027.77794883375,0.0
2025-05-05 22:00:00,buy,0.0010557451380560966,94719.83,601.6685802420076,428.6400665565852,1030.3086467985927,0.0
2025-05-05 23:00:00,buy,0.001052083609505281,95049.48,703.7625456500617,328.6400665565852,1032.402612206647,0.0
2025-05-06 00:00:00,buy,0.0010555907888303295,94733.68,801.4243086400719,228.64006655658523,1030.0643751966572,0.0
2025-05-06 01:00:00,buy,0.001057094855975583,94598.89,900.2840174304241,128.64006655658523,1028.9240839870095,0.0
2025-05-06 02:00:00,buy,0.0010603038258200734,94312.59,997.5593415469087,28.640066556585225,1026.199408103494,0.0
2025-05-07 22:00:00,sell,0.0010615000205400254,97120.63,924.1668787894417,131.73361729644543,1055.9004960858872,3.0935507398602056
2025-05-07 23:00:00,sell,0.0010582009462221222,97262.89,822.596894328367,234.6572995267436,1057.2541938551105,2.9236822302981835
2025-05-08 00:00:00,sell,0.0010556274496494736,97030.5,718.2034062021996,337.08535877995683,1055.2887649821564,2.428059253213249
2025-05-08 01:00:00,sell,0.0010599153170058324,97770.0,620.0491400134745,440.7132793236171,1060.7624193370916,3.627920543660238
2025-05-08 02:00:00,sell,0.001061097911642589,97816.22,516.5496766102232,544.5058660903892,1061.0555427006125,3.792586766772061
2025-05-08 03:00:00,sell,0.0010557451380560966,98681.99,416.9386194427829,648.6888972465895,1065.6275166893724,4.183031156200343
2025-05-08 04:00:00,sell,0.001052083609505281,99152.79,314.6107586531895,753.0059224423086,1067.616681095498,4.317025195719111
2025-05-08 05:00:00,sell,0.0010555907888303295,98954.32,209.52574672598558,857.4611911492775,1066.986937875263,4.455268706968866
2025-05-08 06:00:00,sell,0.001057094855975583,98740.6,104.69503594376955,961.8393714852201,1066.5344074289897,4.378180335942631
2025-05-08 07:00:00,sell,0.0010603038258200734,99040.0,0.0,1066.85186239444,1066.85186239444,5.012490909220077
2025-05-16 19:00:00,buy,0.0009643988313800722,103691.54,100.0,966.8518623944401,1066.85186239444,0.0
2025-05-16 20:00:00,buy,0.0009612371506623885,104032.6,200.3289178654305,866.8518623944401,1067.1807802598705,0.0
2025-05-16 21:00:00,buy,0.0009643900888473302,103692.48,299.6739705552182,766.8518623944401,1066.5258329496583,0.0
2025-05-16 22:00:00,buy,0.0009651390799194032,103612.01,399.4414101572937,666.8518623944401,1066.293272551734,0.0
2025-05-16 23:00:00,buy,0.0009659786194156293,103521.96,499.0942525354634,566.8518623944401,1065.9461149299036,0.0
2025-05-17 00:00:00,buy,0.0009665206898251468,103463.9,598.814336928164,466.8518623944401,1065.6661993226041,0.0
2025-05-17 01:00:00,buy,0.0009674922600619195,103360.0,698.2129985907649,366.8518623944401,1065.064860985205,0.0
2025-05-17 02:00:00,buy,0.0009724828206047326,102829.58,794.6299283632832,266.8518623944401,1061.4817907577233,0.0
2025-05-17 03:00:00,buy,0.0009681853331346618,103286.01,898.1570548788524,166.8518623944401,1065.0089172732924,0.0
2025-05-17 04:00:00,buy,0.0009661044196572107,103508.48,1000.0916150385382,66.8518623944401,1066.9434774329784,0.0
2025-05-17 14:00:00,sell,0.0009643988313800722,102713.33,893.3523165416492,165.90847781359582,1059.260794355245,-0.9433845808442811
2025-05-17 15:00:00,sell,0.0009612371506623885,103124.8,797.8037004862725,265.0358667282245,1062.839567214497,-0.872611085371318
2025-05-17 16:00:00,sell,0.0009643900888473302,102939.52,697.0964672228226,364.30971956692605,1061.4061867897487,-0.7261471612984707
2025-05-17 17:00:00,sell,0.0009651390799194032,102938.32,597.7385454857063,463.65951502017515,1061.3980605058814,-0.6502045467508992
2025-05-17 18:00:00,sell,0.0009659786194156293,103130.43,499.23229255402,563.2813054113153,1062.5135979653353,-0.37820960885980526
2025-05-17 19:00:00,sell,0.0009665206898251468,102987.21,398.99972599900815,662.8205746636826,1061.8203006626907,-0.4607307476327378
2025-05-17 20:00:00,sell,0.0009674922600619195,103158.6,299.85858918999105,762.6257217225061,1062.4843109124972,-0.1948529411764639
2025-05-17 21:00:00,sell,0.0009724828206047326,103372.03,199.95145835429403,863.1532450285431,1063.1047033828372,0.5275233060370397
2025-05-17 22:00:00,sell,0.0009681853331346618,103243.68,99.74417554967476,963.1122617433915,1062.8564372930664,-0.040983285151583004
2025-05-17 23:00:00,sell,0.0009661044196572107,103031.03,0.0,1062.6509951882263,1062.6509951882263,-0.4612665551653379
2025-05-18 03:00:00,buy,0.0009676167695727102,103346.7,100.0,962.6509951882263,1062.6509951882263,0.0
2025-05-18 04:00:00,buy,0.0009680945092583719,103295.7,199.9506515447518,862.6509951882263,1062.601646732978,0.0
2025-05-18 05:00:00,buy,0.0009675389707765497,103355.01,300.06545858069927,762.6509951882263,1062.7164537689255,0.0
2025-05-18 06:00:00,buy,0.0009648020901472481,103648.2,400.91666252138174,662.6509951882263,1063.567657709608,0.0
2025-05-18 07:00:00,buy,0.0009664058015273078,103476.2,500.2513575189439,562.6509951882263,1062.9023527071702,0.0
2025-05-18 08:00:00,buy,0.0009622843244172238,103919.39,602.3939410225788,462.65099518822626,1065.0449362108052,0.0
2025-05-18 09:00:00,buy,0.0009623451658803985,103912.82,702.3558564245791,362.65099518822626,1065.0068516128053,0.0
2025-05-18 10:00:00,buy,0.0009627559775593135,103868.48,802.0561584789949,262.65099518822626,1064.707153667221,0.0
2025-05-18 11:00:00,buy,0.0009628642515463599,103856.8,901.9659673456401,162.65099518822626,1064.6169625338664,0.0
2025-05-18 12:00:00,buy,0.0009633860321549356,103800.55,1001.4774525284765,62.65099518822626,1064.1284477167028,0.0
2025-05-18 17:00:00,sell,0.0009676167695727102,105822.22,918.5873598434026,165.0463498536389,1083.6337096970415,2.39535466541264
2025-05-18 18:00:00,sell,0.0009680945092583719,104836.66,808.5404338948081,266.53814476862567,1075.0785786634337,1.4917949149867837
2025-05-18 19:00:00,sell,0.0009675389707765497,104498.01,704.8227384789761,367.64404181222324,1072.4667802911995,1.1058970435975937
2025-05-18 20:00:00,sell,0.0009648020901472481,103883.98,600.453721099907,467.8715228490382,1068.3252439489452,0.22748103681492182
2025-05-18 21:00:00,sell,0.0009664058015273078,104053.05,500.87348153867623,568.4289940356492,1069.3024755743254,0.5574711866110391
2025-05-18 22:00:00,sell,0.0009622843244172238,104180.37,401.23521667957823,668.6801309986356,1069.915347678214,0.25113696298640775
2025-05-18 23:00:00,sell,0.0009623451658803985,105928.11,306.02697303350254,770.6195355879827,1076.6465086214853,1.9394045893470917
2025-05-19 00:00:00,sell,0.0009627559775593135,106454.27,205.05756778871432,873.1090203671957,1078.1665881559102,2.4894847792131003
2025-05-19 01:00:00,sell,0.0009628642515463599,105260.88,101.40686152433682,974.460958805507,1075.8678203298437,1.3519384383112083
2025-05-19 02:00:00,sell,0.0009633860321549356,105059.97,0.0,1075.6742664421236,1075.6742664421236,1.2133076366165767
2025-05-29 00:00:00,buy,0.0009278005985798341,107781.78,100.0,975.6742664421236,1075.6742664421236,0.0
2025-05-29 01:00:00,buy,0.0009234862974488414,108285.31,200.4671754354029,875.6742664421236,1076.1414418775264,0.0
2025-05-29 02:00:00,buy,0.0009245884402590587,108156.23,300.2282113228635,775.6742664421236,1075.902477764987,0.0
2025-05-29 03:00:00,buy,0.0009222801014471221,108426.93,400.97964077639665,675.6742664421236,1076.65390721852,0.0
2025-05-29 04:00:00,buy,0.00092554139775447,108044.87,499.56672350985565,575.6742664421236,1075.2409899519791,0.0
2025-05-29 05:00:00,buy,0.0009296752718649398,107564.44,597.3453608391815,475.67426644212355,1073.019627281305,0.0
2025-05-29 06:00:00,buy,0.0009286619532119678,107681.81,697.9971601234217,375.67426644212355,1073.6714265655453,0.0
2025-05-29 07:00:00,buy,0.0009266512879618915,107915.46,799.511687381673,275.67426644212355,1075.1859538237966,0.0
2025-05-29 08:00:00,buy,0.0009269496044381606,107880.73,899.2543837395185,175.67426644212355,1074.928650181642,0.0
2025-05-29 09:00:00,buy,0.0009217226997257875,108492.5,1004.3538751346948,75.67426644212355,1080.0281415768184,0.0
2025-06-08 05:00:00,sell,0.0009278005985798341,105614.37,879.72092064912,173.6633421467556,1053.3842627958757,-2.0109242953679285
2025-06-08 06:00:00,sell,0.0009234862974488414,105438.34,780.8838065051325,271.0342043625077,1051.91801086764,-2.6291377842479307
2025-06-08 07:00:00,sell,0.0009245884402590587,105442.88,683.4261621107448,368.5254723181308,1051.9516344288756,-2.508732044376899
2025-06-08 08:00:00,sell,0.0009222801014471221,105426.46,586.0870099470985,465.7581985421418,1051.8452084892403,-2.7672737759890254
2025-06-08 09:00:00,sell,0.00092554139775447,105373.82,488.26654089297523,563.2860311916697,1051.552572084645,-2.4721673504720627
2025-06-08 10:00:00,sell,0.0009296752718649398,105140.0,389.43704023681704,661.0320892755495,1050.4691295123666,-2.253941916120226
2025-06-08 11:00:00,sell,0.0009286619532119678,105357.64,292.40154390270106,758.8737210237529,1051.275264926454,-2.1583682517966594
2025-06-08 12:00:00,sell,0.0009266512879618915,105686.71,195.380093695207,856.8084469657078,1052.188540660915,-2.065274058045077
2025-06-08 13:00:00,sell,0.0009269496044381606,105721.5,97.44590639905985,954.8069495713169,1052.2528559703767,-2.0014973943910093
2025-06-08 14:00:00,sell,0.0009217226997257875,105627.9,0.0,1052.1665827256825,1052.1665827256825,-2.640366845634489
2025-06-13 21:00:00,buy,0.0009485506146607983,105424.0,100.0,952.1665827256825,1052.1665827256825,0.0
2025-06-13 22:00:00,buy,0.0009468568990550179,105612.58,200.17887767491274,852.1665827256825,1052.3454604005951,0.0
2025-06-13 23:00:00,buy,0.000945614942380372,105751.29,300.44178965114025,752.1665827256825,1052.6083723768227,0.0
2025-06-14 00:00:00,buy,0.0009428039498582919,106066.59,401.33756403154734,652.1665827256825,1053.5041467572298,0.0
2025-06-14 01:00:00,buy,0.0009449445090786488,105826.32,500.42842406098873,552.1665827256825,1052.595006786671,0.0
2025-06-14 02:00:00,buy,0.0009481337646077783,105470.35,598.7451234783645,452.1665827256825,1050.9117062040468,0.0
2025-06-14 03:00:00,buy,0.0009489990811790897,105374.18,698.1991755553233,352.1665827256825,1050.3657582810058,0.0
2025-06-14 04:00:00,buy,0.0009503099103164029,105228.83,797.2361004436882,252.16658272568247,1049.4026831693707,0.0
2025-06-14 05:00:00,buy,0.000949027000577388,105371.08,898.3138168384072,152.16658272568247,1050.4803995640896,0.0
2025-06-14 06:00:00,buy,0.0009497731466839145,105288.3,997.6080974156029,52.166582725682474,1049.7746801412854,0.0
2025-06-25 04:00:00,sell,0.0009485506146607983,106232.01,905.7833243240108,152.93302110783455,1058.7163454318454,0.7664383821520744
2025-06-25 05:00:00,sell,0.0009468568990550179,106197.55,804.9356195217698,253.48690398807474,1058.4225235098445,0.5538828802402094
2025-06-25 06:00:00,sell,0.000945614942380372,106213.72,704.6209010379116,353.9241847058797,1058.5450857437913,0.4372807178049669
2025-06-25 07:00:00,sell,0.0009428039498582919,106400.0,605.5423406839589,454.238524970802,1059.7808656547609,0.3143402649222651
2025-06-25 08:00:00,sell,0.0009449445090786488,106600.0,505.9494934986635,554.969609638586,1060.9191031372495,0.7310846677839606
2025-06-25 09:00:00,sell,0.0009481337646077783,106635.76,405.01425457427626,656.0745742091975,1061.0888287834737,1.1049645706115427
2025-06-25 10:00:00,sell,0.0009489990811790897,106628.05,303.79504967489845,757.2644956871155,1061.059545362014,1.189921477918034
2025-06-25 11:00:00,sell,0.0009503099103164029,107126.5,203.4118139755879,859.0678702946257,1062.4796842702135,1.8033746075101362
2025-06-25 12:00:00,sell,0.000949027000577388,107198.02,101.8138007736852,960.8016856830606,1062.6154864567457,1.7338153884348628
2025-06-25 13:00:00,sell,0.0009497731466839145,107240.0,0.0,1062.6553579334436,1062.6553579334436,1.853672250382985
2025-07-02 04:00:00,buy,0.0009416665803472302,106194.7,100.0,962.6553579334436,1062.6553579334436,0.0
2025-07-02 05:00:00,buy,0.0009400011374013762,106382.85,200.17717456709232,862.6553579334436,1062.832532500536,0.0
2025-07-02 06:00:00,buy,0.0009377447220679371,106638.83,300.65884386948164,762.6553579334436,1063.3142018029253,0.0
2025-07-02 07:00:00,buy,0.0009344537683203166,107014.39,401.7177024053791,662.6553579334436,1064.3730603388226,0.0
2025-07-02 08:00:00,buy,0.0009338812103100486,107080.0,501.963993567295,562.6553579334436,1064.6193515007385,0.0
2025-07-02 09:00:00,buy,0.0009282551587780449,107729.0,605.006341641867,462.6553579334436,1067.6616995753106,0.0
2025-07-02 10:00:00,buy,0.0009290558980416895,107636.15,704.4848958025717,362.6553579334436,1067.1402537360154,0.0
2025-07-02 11:00:00,buy,0.000927222749966504,107848.95,805.8776842461084,262.6553579334436,1068.533042179552,0.0
2025-07-02 12:00:00,buy,0.0009304058299973633,107479.98,903.1206366424341,162.6553579334436,1065.7759945758776,0.0
2025-07-02 13:00:00,buy,0.0009312728115275184,107379.92,1002.2798637756878,62.65535793344361,1064.9352217091314,0.0
2025-07-03 07:00:00,sell,0.0009416665803472302,109478.95,918.7794570883034,165.74802639994903,1084.5274834882525,3.092668466505401
2025-07-03 08:00:00,sell,0.0009400011374013762,109279.99,814.3864115208282,268.4713412951601,1082.8577528159883,2.7233148952110184
2025-07-03 09:00:00,sell,0.0009377447220679371,109377.57,712.5453672086122,371.0395802752764,1083.5849474838888,2.568238980116348
2025-07-03 10:00:00,sell,0.0009344537683203166,109942.19,613.4877172339237,473.77547401816463,1087.2631912520883,2.735893742888223
2025-07-03 11:00:00,sell,0.0009338812103100486,109839.38,510.33709467077557,576.35240715227,1086.6895018230455,2.576933134105346
2025-07-03 12:00:00,sell,0.0009282551587780449,109599.18,407.4850702078476,678.0884113851134,1085.5734815929611,1.7360042328435128
2025-07-03 13:00:00,sell,0.0009290558980416895,109168.0,304.4587871063316,779.5115856625285,1083.9703727688602,1.423174277415157
2025-07-03 14:00:00,sell,0.000927222749966504,110255.64,205.26057009565642,881.7431233826454,1087.0036934783018,2.231537720116876
2025-07-03 15:00:00,sell,0.0009304058299973633,109718.57,102.17792116067884,983.8259205696193,1086.003841730298,2.0827971869738064
2025-07-03 16:00:00,sell,0.0009312728115275184,109127.85,0.0,1085.4537202550725,1085.4537202550725,1.6277996854532972
2025-07-20 00:00:00,buy,0.0008486082104032409,117840.01,100.0,985.4537202550725,1085.4537202550725,0.0
2025-07-20 01:00:00,buy,0.0008478721503758914,117942.31,200.08681261992427,885.4537202550725,1085.5405328749969,0.0
2025-07-20 02:00:00,buy,0.000847879770648522,117941.25,300.08501435074186,785.4537202550725,1085.5387346058144,0.0
2025-07-20 03:00:00,buy,0.0008476695445047703,117970.5,400.1594368845861,685.4537202550725,1085.6131571396586,0.0
2025-07-20 04:00:00,buy,0.0008477593719798572,117958.0,500.11703651363695,585.4537202550725,1085.5707567687095,0.0
2025-07-20 05:00:00,buy,0.0008478169434350947,117949.99,600.0830758033632,485.45372025507254,1085.5367960584358,0.0
2025-07-20 06:00:00,buy,0.0008485584519306911,117846.92,699.5586962538349,385.45372025507254,1085.0124165089073,0.0
2025-07-20 07:00:00,buy,0.000848719990215956,117824.49,799.4255480853723,285.45372025507254,1084.879268340445,0.0
2025-07-20 08:00:00,buy,0.0008472458874472812,118029.49,900.8164493942386,185.45372025507254,1086.2701696493111,0.0
2025-07-20 09:00:00,buy,0.0008463734800719249,118151.15,1001.7449743690843,85.45372025507254,1087.1986946241568,0.0
2025-07-23 02:00:00,sell,0.0008486082104032409,119488.21,911.6825666088804,186.85239630745917,1098.5349629163395,1.3986760523866337
2025-07-23 03:00:00,sell,0.0008478721503758914,119090.73,807.67612237459,287.8261096423938,1095.5022320169837,0.973713334934672
2025-07-23 04:00:00,sell,0.000847879770648522,118614.16,703.8734666872106,388.3966564188609,1092.2701231060714,0.5705467764670971
2025-07-23 05:00:00,sell,0.0008476695445047703,118996.01,605.2701258528567,489.265950013446,1094.5360758663028,0.8692935945850877
2025-07-23 06:00:00,sell,0.0008477593719798572,118645.04,502.90248143025207,589.8483946123711,1092.750876042623,0.5824445989250364
2025-07-23 07:00:00,sell,0.0008478169434350947,118417.99,401.5433029160329,690.2451729418987,1091.7884758579316,0.3967783295276206
2025-07-23 08:00:00,sell,0.0008485584519306911,118350.35,300.88675280673164,790.6723627233541,1091.5591155300858,0.4271897814554819
2025-07-23 09:00:00,sell,0.000848719990215956,118423.21,200.56384201979415,891.1805083558962,1091.7443503756904,0.5081456325420959
2025-07-23 10:00:00,sell,0.0008472458874472812,118040.01,99.90593405142481,991.1894213826322,1091.095355434057,0.008913026735939411
2025-07-23 11:00:00,sell,0.0008463734800719249,118372.13,0.0,1091.3764529942584,1091.3764529942584,0.18703161162630977
2025-07-23 18:00:00,buy,0.0008465107546228586,118131.99,100.0,991.3764529942584,1091.3764529942584,0.0
2025-07-23 19:00:00,sell,0.0008465107546228586,118379.44,0.0,1091.5859220804898,1091.5859220804898,0.20946908623142235
2025-07-25 04:00:00,buy,0.000866403597654299,115419.65,100.0,991.5859220804898,1091.5859220804898,0.0
2025-07-25 05:00:00,buy,0.000861306338155242,116102.71,200.59180564141377,891.5859220804898,1092.1777277219035,0.0
2025-07-25 06:00:00,buy,0.0008658008658008658,115500.0,299.550497586002,791.5859220804898,1091.1364196664917,0.0
2025-07-25 07:00:00,buy,0.0008674211785217842,115284.25,398.99094763055456,691.5859220804898,1090.5768697110443,0.0
2025-07-25 08:00:00,buy,0.0008671521967436528,115320.01,499.11471055816406,591.5859220804898,1090.7006326386538,0.0
2025-07-25 09:00:00,buy,0.0008680363412094611,115202.55,598.6063337907483,491.5859220804898,1090.192255871238,0.0
2025-07-25 10:00:00,buy,0.0008618205234628913,116033.44,702.9237383680202,391.5859220804898,1094.50966044851,0.0
2025-07-25 11:00:00,buy,0.0008597825369225013,116308.48,804.5899144720875,291.5859220804898,1096.1758365525773,0.0
2025-07-25 12:00:00,buy,0.0008580480488030273,116543.59,906.2163404626219,191.5859220804898,1097.8022625431117,0.0
2025-07-25 13:00:00,buy,0.0008612822287503587,116105.96,1002.813429525378,91.58592208048981,1094.3993516058677,0.0
2025-07-27 22:00:00,sell,0.000866403597654299,119265.75,926.7724310521661,194.918196957428,1121.690628009594,3.3322748769382002
2025-07-27 23:00:00,sell,0.000861306338155242,119495.16,825.633157241064,297.84013564430273,1123.4732928853668,2.9219386868747534
2025-07-28 00:00:00,sell,0.0008658008658008658,119415.56,721.6930782269196,401.23023088239796,1122.9233091093176,3.390095238095242
2025-07-28 01:00:00,sell,0.0008674211785217842,119236.72,617.1837948015963,504.65868706786995,1121.8424818694662,3.428456185472001
2025-07-28 02:00:00,sell,0.0008671521967436528,119037.77,512.930141603422,607.8825508188356,1120.8126924222577,3.223863750965691
2025-07-28 03:00:00,sell,0.0008680363412094611,119434.14,410.9649140140474,711.5557247199341,1122.5206387339815,3.6731739010985365
2025-07-28 04:00:00,sell,0.0008618205234628913,119287.99,307.6571836220715,814.3605627045703,1122.0177463266418,2.8048379846361513
2025-07-28 05:00:00,sell,0.0008597825369225013,119218.06,204.97522018917624,916.8621687783492,1121.8373889675254,2.501606073778973
2025-07-28 06:00:00,sell,0.0008580480488030273,119526.13,102.94573164030511,1019.4213314058262,1122.3670630461313,2.5591626274769936
2025-07-28 07:00:00,sell,0.0008612822287503587,119448.03,0.0,1122.299796904066,1122.299796904066,2.8784654982397058
2025-07-30 13:00:00,buy,0.000849336099451142,117739.02,100.0,1022.2997969040659,1122.299796904066,0.0
2025-07-30 14:00:00,buy,0.0008497925401471739,117675.78,199.9462879850707,922.2997969040659,1122.2460848891367,0.0
2025-07-30 15:00:00,buy,0.0008423581479408344,118714.35,301.71095201629834,822.2997969040659,1124.0107489203642,0.0
2025-07-30 16:00:00,buy,0.0008474575553002072,118000.01,399.8954663444876,722.2997969040659,1122.1952632485536,0.0
2025-07-30 17:00:00,buy,0.0008493665424326538,117734.8,498.9966844153232,622.2997969040659,1121.2964813193892,0.0
2025-07-30 18:00:00,buy,0.0008488812297165136,117802.11,599.2819651210108,522.2997969040659,1121.5817620250768,0.0
2025-07-30 19:00:00,buy,0.000858198563976343,116523.15,692.7756498936251,422.29979690406594,1115.075446797691,0.0
2025-07-30 20:00:00,buy,0.0008553095865749923,116916.73,795.1156367570521,322.29979690406594,1117.4154336611182,0.0
2025-07-30 21:00:00,buy,0.0008534191212991906,117175.72,896.8769501188243,222.29979690406594,1119.1767470228901,0.0
2025-07-30 22:00:00,buy,0.0008523200407204423,117326.82,998.0334875581757,122.29979690406594,1120.3332844622416,0.0
2025-07-30 23:00:00,buy,0.0008511617677199964,117486.48,1099.3916256771797,22.299796904065943,1121.6914225812457,0.0
2025-08-07 23:00:00,sell,0.000849336099451142,117554.23,1000.1825519759775,122.14284808624836,1122.325400062226,-0.15694881781757886
2025-08-08 00:00:00,sell,0.0008497925401471739,117472.02,899.6562412304299,221.969694358268,1121.625935588698,-0.17315372798037743
2025-08-08 01:00:00,sell,0.0008423581479408344,117264.11,799.285589681848,320.7480728777983,1120.0336625596462,-1.2216214804697216
2025-08-08 02:00:00,sell,0.0008474575553002072,116888.01,697.6644218545906,419.80570007630445,1117.470121930895,-0.942372801493832
2025-08-08 03:00:00,sell,0.0008493665424326538,116700.0,597.4211791778728,518.9267755781951,1116.3479547560678,-0.8789244981093134
2025-08-08 04:00:00,sell,0.0008488812297165136,116737.34,498.51619674501364,618.0229123112299,1116.5391090562434,-0.9038632669652458
2025-08-08 05:00:00,sell,0.000858198563976343,116750.01,398.3756119018372,718.2176032374535,1116.5932151392908,0.19469092622367157
2025-08-08 06:00:00,sell,0.0008553095865749923,116530.64,297.95730175915406,817.8873767591729,1115.8446785183269,-0.3302264782807356
2025-08-08 07:00:00,sell,0.0008534191212991906,116740.01,198.86448335215488,917.5155335138315,1116.3800168659864,-0.37184324534128166
2025-08-08 08:00:00,sell,0.0008523200407204423,116817.2,99.43033445210037,1017.0811741746796,1116.51150862678,-0.43435933915195335
2025-08-08 09:00:00,sell,0.0008511617677199964,116620.63,0.0,1116.3441957580992,1116.3441957580992,-0.7369784165803424
2025-08-16 06:00:00,buy,0.0008503706510556757,117595.78,100.0,1016.3441957580992,1116.3441957580992,0.0
2025-08-16 07:00:00,buy,0.000851827647326999,117394.64,199.82895644724667,916.3441957580992,1116.1731522053458,0.0
2025-08-16 08:00:00,buy,0.000850368553983139,117596.07,300.1718302504899,816.3441957580992,1116.516026008589,0.0
2025-08-16 09:00:00,buy,0.0008501153904125177,117631.09,400.26122114165975,716.3441957580992,1116.605416899759,0.0
2025-08-16 10:00:00,buy,0.0008524277141298417,117312.0,499.1754592648116,616.3441957580992,1115.5196550229107,0.0
2025-08-16 11:00:00,buy,0.000851875903148184,117387.99,599.4988050704371,516.3441957580992,1115.8430008285363,0.0
2025-08-16 12:00:00,buy,0.0008519446317776029,117378.52,699.4504419143424,416.3441957580992,1115.7946376724417,0.0
2025-08-16 13:00:00,buy,0.0008492760134304508,117747.35,801.6482742476454,316.3441957580992,1117.9924700057445,0.0
2025-08-16 14:00:00,buy,0.0008501700297551009,117623.53,900.8052821181636,216.3441957580992,1117.1494778762628,0.0
2025-08-16 15:00:00,buy,0.0008491025834795206,117771.4,1001.9377262563969,116.3441957580992,1118.281922014496,0.0
2025-08-16 16:00:00,buy,0.0008497858964433911,117676.7,1101.132067983875,16.344195758099204,1117.4762637419742,0.0
2025-08-24 11:00:00,sell,0.0008503706510556757,114790.4,976.5098067883054,113.95858294104063,1090.468389729346,-2.385612817058572
2025-08-24 12:00:00,sell,0.000851827647326999,114730.22,878.2674885055777,211.68895632094961,1089.9564448265273,-2.269626620091003
2025-08-24 13:00:00,sell,0.000850368553983139,114673.8,780.3205961556777,309.2039498067013,1089.5245459623789,-2.4850065142483118
2025-08-24 14:00:00,sell,0.0008501153904125177,114555.0,682.1272294652574,406.58891835540726,1088.7161478206647,-2.615031451294044
2025-08-24 15:00:00,sell,0.0008524277141298417,114514.05,584.268439423487,504.20386823265767,1088.4723076561447,-2.3850501227495897
2025-08-24 16:00:00,sell,0.000851875903148184,114400.01,486.23197782175754,601.658480071569,1087.8904578933266,-2.5453881610887237
2025-08-24 17:00:00,sell,0.0008519446317776029,114275.0,388.34467762821964,699.0144528679546,1087.3591304961742,-2.644027203614428
2025-08-24 18:00:00,sell,0.0008492760134304508,114423.43,291.67201794804635,796.1915273413928,1087.8635452894391,-2.822925526561761
2025-08-24 19:00:00,sell,0.0008501700297551009,114626.96,194.7384218325844,893.6439333353295,1088.3823551679138,-2.5475940060632354
2025-08-24 20:00:00,sell,0.0008491025834795206,112600.0,95.68589193952585,989.2528842351235,1084.9387761746493,-4.39104910020599
2025-08-24 21:00:00,sell,0.0008497858964433911,112770.39,0.0,1085.0835711935442,1085.0835711935442,-4.169313041579173
2025-08-25 00:00:00,buy,0.0008811070299212493,113493.59,100.0,985.0835711935442,1085.0835711935442,0.0
2025-08-25 01:00:00,buy,0.0008877438965387753,112645.1,199.2523894961821,885.0835711935442,1084.3359606897263,0.0
2025-08-25 02:00:00,buy,0.0008844317459699762,113066.95,299.99857925950926,785.0835711935442,1085.0821504530536,0.0
2025-08-25 03:00:00,buy,0.0008817381103787982,113412.36,400.91504962739333,685.0835711935442,1085.9986208209375,0.0
2025-08-25 04:00:00,buy,0.0008856074966320347,112916.84,499.1633761290959,585.0835711935442,1084.2469473226402,0.0
2025-08-25 05:00:00,buy,0.000886807767833017,112764.01,598.4877715091488,485.08357119354423,1083.571342702693,0.0
2025-08-25 06:00:00,buy,0.0008903926631644555,112310.0,696.0781424693262,385.08357119354423,1081.1617136628704,0.0
2025-08-25 07:00:00,buy,0.0008934165652117706,111929.87,793.7221618416272,285.08357119354423,1078.8057330351714,0.0
2025-08-25 08:00:00,buy,0.0008967680122132629,111511.56,890.75582303037,185.08357119354423,1075.8393942239143,0.0
2025-08-25 09:00:00,buy,0.0008975508529874531,111414.3,989.9789088579925,85.08357119354423,1075.0624800515366,0.0
2025-09-03 11:00:00,sell,0.0008811070299212493,111450.0,892.0967450130976,183.28294967826747,1075.379694691365,-1.8006215152767595
2025-09-03 12:00:00,sell,0.0008877438965387753,111437.77,793.0706503412392,282.2111498396593,1075.2818001808985,-1.0717998386081575
2025-09-03 13:00:00,sell,0.0008844317459699762,111112.0,692.481258519171,380.4821299978753,1072.9633885170463,-1.7290198417840088
2025-09-03 14:00:00,sell,0.0008817381103787982,111475.08,596.4522488811999,478.77395639140065,1075.2262052726005,-1.7081736064746451
2025-09-03 15:00:00,sell,0.0008856074966320347,112261.37,501.2398167640122,578.1934672455833,1079.4332840095954,-0.5804891458173955
2025-09-03 16:00:00,sell,0.000886807767833017,112222.73,401.5473029508999,677.7134559370106,1079.2607588879105,-0.4800113085726565
2025-09-03 17:00:00,sell,0.0008903926631644555,111858.65,300.6464568031097,777.3115772084914,1077.958034011601,-0.40187872851929285
2025-09-03 18:00:00,sell,0.0008934165652117706,112312.64,201.52468875249656,877.6535502671575,1079.178239019654,0.34197305866611316
2025-09-03 19:00:00,sell,0.0008967680122132629,112000.0,100.52569553459475,978.0915676350429,1078.6172631696377,0.4380173678854504
2025-09-03 20:00:00,sell,0.0008975508529874531,112193.74,0.0,1078.7911546718954,1078.7911546718954,0.6995870368525487
2025-09-21 02:00:00,buy,0.0008658007908397584,115500.01,100.0,978.7911546718954,1078.7911546718954,0.0
2025-09-21 03:00:00,buy,0.0008643732654189496,115690.76,200.1651515008527,878.7911546718954,1078.956306172748,0.0
2025-09-21 04:00:00,buy,0.000864532734753922,115669.42,300.1282295864921,778.7911546718954,1078.9193842583875,0.0
2025-09-21 05:00:00,buy,0.0008658441205244626,115494.23,399.6736629037746,678.7911546718954,1078.46481757567,0.0
2025-09-21 06:00:00,buy,0.0008645771335948045,115663.48,500.25936114555225,578.7911546718954,1079.0505158174476,0.0
2025-09-21 07:00:00,buy,0.0008643997897433951,115687.21,600.3619964340633,478.79115467189536,1079.1531511059586,0.0
2025-09-21 08:00:00,buy,0.0008634387068174876,115815.98,701.0302519333601,378.79115467189536,1079.8214066052556,0.0
2025-09-21 09:00:00,buy,0.0008648304586368888,115629.6,799.9021000293195,278.79115467189536,1078.6932547012148,0.0
2025-09-21 10:00:00,buy,0.0008644272870995551,115683.53,900.2751768215471,178.79115467189536,1079.0663314934425,0.0
2025-09-21 11:00:00,buy,0.0008656336598532353,115522.31,999.020526621928,78.79115467189536,1077.8116812938233,0.0
2025-09-30 03:00:00,sell,0.0008658007908397584,114455.96,890.7028226155196,177.88721535621912,1068.5900379717386,-0.9039393156762401
2025-09-30 04:00:00,sell,0.0008643732654189496,114376.39,791.2197106164501,276.7511090673504,1067.9708196838005,-1.136106288868703
2025-09-30 05:00:00,sell,0.000864532734753922,114091.63,690.6138820552096,375.38705796378304,1066.0009400189927,-1.364051103567391
2025-09-30 06:00:00,sell,0.0008658441205244626,113904.0,590.8550205995402,474.01016666800143,1064.8651872675416,-1.3768912957816042
2025-09-30 07:00:00,sell,0.0008645771335948045,113891.64,492.322797832967,572.4782743196129,1064.8010721525798,-1.5318923483886095
2025-09-30 08:00:00,sell,0.0008643997897433951,113699.24,393.20950544980946,670.7598734695966,1063.9693789194062,-1.718400850016181
2025-09-30 09:00:00,sell,0.0008634387068174876,113451.89,294.39533430890566,768.7186266571965,1063.1139609661022,-2.0412468124001464
2025-09-30 10:00:00,sell,0.0008648304586368888,112781.97,195.11968181740122,866.2559094982684,1061.3755913156697,-2.4627171589281716
2025-09-30 11:00:00,sell,0.0008644272870995551,112923.5,97.75038258843682,963.8700642530549,1061.6204468414917,-2.385845245213389
2025-09-30 12:00:00,sell,0.0008656336598532353,113055.0,0.0,1061.7342776677624,1061.7342776677624,-2.135786585292479
2025-10-10 03:00:00,buy,0.000826038518341318,121059.73,100.0,961.7342776677624,1061.7342776677624,0.0
2025-10-10 04:00:00,buy,0.0008262687356435807,121026.0,199.97213772077635,861.7342776677624,1061.7064153885387,0.0
2025-10-10 05:00:00,buy,0.000824847576416354,121234.52,300.3166768293773,761.7342776677624,1062.0509544971396,0.0
2025-10-10 06:00:00,buy,0.0008224773857786586,121583.89,401.18212041247455,661.7342776677624,1062.9163980802368,0.0
2025-10-10 07:00:00,buy,0.0008238712407888105,121378.19,500.5033860656063,561.7342776677624,1062.2376637333687,0.0
2025-10-10 08:00:00,buy,0.000826910649410144,120932.05,598.6637262333143,461.7342776677624,1060.3980039010767,0.0
2025-10-10 09:00:00,buy,0.0008221551745542316,121631.54,702.1264913965853,361.7342776677624,1063.8607690643476,0.0
2025-10-10 10:00:00,buy,0.0008243022096327462,121314.73,800.2976837226928,261.7342776677624,1062.0319613904553,0.0
2025-10-10 11:00:00,buy,0.0008230700612051359,121496.34,901.4957415540946,161.7342776677624,1063.230019221857,0.0
2025-10-10 12:00:00,buy,0.0008226759097047375,121554.55,1001.9276563518232,61.7342776677624,1063.6619340195857,0.0
2025-10-21 18:00:00,sell,0.000826038518341318,111973.41,830.4596347969547,154.22862735778733,984.688262154742,-7.505650309975081
2025-10-21 19:00:00,sell,0.0008262687356435807,111990.55,738.0524648075109,246.76291751031653,984.8153823178275,-7.465709847470791
2025-10-21 20:00:00,sell,0.000824847576416354,111780.4,644.465719086556,338.96470954116717,983.4304286277231,-7.798207969149388
2025-10-21 21:00:00,sell,0.0008224773857786586,110787.56,547.6212744423239,430.08497226676343,977.7062467090873,-8.879737274403709
2025-10-21 22:00:00,sell,0.0008238712407888105,110816.33,456.46509683106865,521.3833595635257,977.8484563945943,-8.701612703237714
2025-10-21 23:00:00,sell,0.000826910649410144,109066.98,359.07067748628117,611.5720068245289,970.6426843108101,-9.811352738996817
2025-10-22 00:00:00,sell,0.0008221551745542316,108297.66,267.50043804002325,700.6094883856438,968.109926425667,-10.96251843888517
2025-10-22 01:00:00,sell,0.0008243022096327462,107986.15,177.7177712765692,789.622710440377,967.3404817169462,-10.986777945266823
2025-10-22 02:00:00,sell,0.0008230700612051359,108364.22,89.1486332679443,878.8140556282237,967.9626888961681,-10.808654812153193
2025-10-22 03:00:00,sell,0.0008226759097047375,108198.85,0.0,967.8266429809802,967.8266429809802,-10.98741264724356
2025-10-22 21:00:00,buy,0.0009285393342725819,107696.03,100.0,867.8266429809802,967.8266429809802,0.0
2025-10-22 22:00:00,buy,0.000932766385487349,107207.98,199.54682637790827,767.8266429809802,967.3734693588884,0.0
2025-10-22 23:00:00,buy,0.0009328634935252743,107196.82,299.52605420607574,667.8266429809802,967.3526971870559,0.0
2025-10-23 00:00:00,buy,0.0009296492572799671,107567.45,400.5616571415956,567.8266429809802,968.3883001225759,0.0
2025-10-23 01:00:00,buy,0.0009272541316125969,107845.3,501.59632010364214,467.8266429809802,969.4229630846223,0.0
2025-10-23 02:00:00,buy,0.0009246416158445108,108150.01,603.0135484362518,367.8266429809802,970.840191417232,0.0
2025-10-23 03:00:00,buy,0.0009224216631096551,108410.29,704.4647953329186,267.8266429809802,972.2914383138988,0.0
2025-10-23 04:00:00,buy,0.0009226968287648152,108377.96,804.2547105998817,167.82664298098018,972.0813535808619,0.0
2025-10-23 05:00:00,buy,0.0009204347655206241,108644.31,906.2312493921627,67.82664298098018,974.0578923731429,0.0
2025-10-23 11:00:00,sell,0.0009285393342725819,109439.2,811.243037584373,169.44524489230412,980.6882824766772,1.6186019113239354
2025-10-23 12:00:00,sell,0.000932766385487349,109253.88,707.9609640571877,271.35359164037266,979.3145556975603,1.908346748068567
2025-10-23 13:00:00,sell,0.0009328634935252743,109164.95,605.5487044307451,373.1895882678846,978.7382926986297,1.8359966275118893
2025-10-23 14:00:00,sell,0.0009296492572799671,109500.62,505.6135288496991,474.9867583225805,980.6002871722796,1.7971700546959113
2025-10-23 15:00:00,sell,0.0009272541316125969,109594.9,404.42653811320724,576.6090821512499,981.0356202644572,1.6223238286693942
2025-10-23 16:00:00,sell,0.0009246416158445108,109908.29,303.95722942422464,678.234861011557,982.1920904357817,1.6257788603070793
2025-10-23 17:00:00,sell,0.0009224216631096551,110263.74,203.23058289807517,779.9445234430476,983.1751063411227,1.7096624314905995
2025-10-23 18:00:00,sell,0.0009226968287648152,111241.71,102.39073725996327,882.5868964864228,984.9776337463861,2.642373043375244
2025-10-23 19:00:00,sell,0.0009204347655206241,110571.66,0.0,984.360896431749,984.360896431749,1.7739999453261817
2025-10-23 23:00:00,buy,0.0009095543683849816,109943.95,100.0,884.360896431749,984.360896431749,0.0
2025-10-24 00:00:00,buy,0.000908445169747068,110078.19,200.12209857841202,784.360896431749,984.482995010161,0.0
2025-10-24 01:00:00,sell,0.0009095543683849816,110500.29,100.38345470615023,884.8669179090563,985.2503726152065,0.5060214773073
2025-10-24 02:00:00,sell,0.000908445169747068,110585.09,0.0,985.327408765601,985.327408765601,0.46049085654479427
2025-10-30 17:00:00,buy,0.0009246880426185019,108144.58,100.0,885.327408765601,985.327408765601,0.0
2025-10-30 18:00:00,buy,0.0009303477481723551,107486.69,199.39165698364172,785.327408765601,984.7190657492428,0.0
2025-10-30 19:00:00,buy,0.0009360045280155047,106837.09,298.18662573394397,685.327408765601,983.514034499545,0.0
2025-10-30 20:00:00,buy,0.0009386464099262233,106536.39,397.3473599100789,585.327408765601,982.67476867568,0.0
2025-10-30 21:00:00,buy,0.0009301381599318618,107510.91,500.9820142209634,485.32740876560104,986.3094229865644,0.0
2025-10-30 22:00:00,buy,0.0009267181841661487,107907.67,602.8308463437899,385.32740876560104,988.1582551093909,0.0
2025-10-30 23:00:00,buy,0.0009266740436098365,107912.81,702.8595611751842,285.32740876560104,988.1869699407853,0.0
2025-10-31 00:00:00,buy,0.000923166086718345,108322.87,805.5303709859518,185.32740876560104,990.8577797515528,0.0
2025-10-31 01:00:00,buy,0.0009147690468865789,109317.21,912.9246642601807,85.32740876560104,998.2520730257818,0.0
2025-11-10 20:00:00,sell,0.0009246880426185019,105818.0,785.8535895014949,183.17604805940567,969.0296375609005,-2.151360706195362
2025-11-10 21:00:00,sell,0.0009303477481723551,106010.74,688.6581129717492,281.8029013004907,970.4610142722399,-1.3731467589149844
2025-11-10 22:00:00,sell,0.0009360045280155047,105631.26,587.3216290378083,380.67423896047376,967.995867998282,-1.1286623400169447
2025-11-10 23:00:00,sell,0.0009386464099262233,106062.81,490.1656195085473,480.2297147936609,970.3953343022082,-0.44452416681286877
2025-11-11 00:00:00,sell,0.0009301381599318618,106011.13,391.32178477990857,578.8347121841583,970.156496964067,-1.3950026095026118
2025-11-11 01:00:00,sell,0.0009267181841661487,106139.82,293.4351204399228,677.1964134422802,970.631533882203,-1.638298741878117
2025-11-11 02:00:00,sell,0.0009266740436098365,106110.36,195.02395868346656,775.5261298123756,970.5500884958421,-1.6702836299045458
2025-11-11 03:00:00,sell,0.000923166086718345,106655.02,97.564710991069,873.9864272546424,971.5511382457114,-1.5397025577331789
2025-11-11 04:00:00,sell,0.0009147690468865789,106456.0,0.0,971.3690809100001,971.3690809100001,-2.617346344642357
2025-11-13 11:00:00,buy,0.0009709564591082173,102991.23,100.0,871.3690809100001,971.3690809100001,0.0
2025-11-13 12:00:00,buy,0.0009714727984216286,102936.49,199.94684984342842,771.3690809100001,971.3159307534286,0.0
2025-11-13 13:00:00,buy,0.000969523419129046,103143.46,300.34887442685937,671.3690809100001,971.7179553368594,0.0
2025-11-13 14:00:00,buy,0.0009772641451166893,102326.48,397.9698673290826,571.3690809100001,969.3389482390827,0.0
2025-11-13 15:00:00,buy,0.0009720710381738129,102873.14,500.09594659687446,471.3690809100001,971.4650275068745,0.0
2025-11-13 16:00:00,buy,0.0009863622594915914,101382.63,592.8501484287414,371.3690809100001,964.2192293387415,0.0
2025-11-13 17:00:00,buy,0.000993708533163979,100633.13,688.4673346642203,271.3690809100001,959.8364155742204,0.0
2025-11-13 18:00:00,buy,0.0010034117001215834,99659.99,781.8097349050242,171.3690809100001,953.1788158150243,0.0
2025-11-13 19:00:00,buy,0.0010142833408626967,98591.78,873.4298727665382,71.3690809100001,944.7989536765383,0.0
2025-11-26 21:00:00,sell,0.0009709564591082173,89866.83,708.8782931945766,158.6258599580802,867.5041531526568,-12.74322095191988
2025-11-26 22:00:00,sell,0.0009714727984216286,90195.98,623.8517193023249,246.24880105506145,870.1005203573864,-12.37705890301875
2025-11-26 23:00:00,sell,0.000969523419129046,90386.56,537.5380028928363,333.8806877495741,871.4186906424104,-12.368113305487327
2025-11-27 00:00:00,sell,0.0009772641451166893,90484.01,449.6907692075562,422.30746642895406,871.9982356365102,-11.573221320620036
2025-11-27 01:00:00,sell,0.0009720710381738129,90485.85,361.74123955786047,510.26614057849395,872.0073801363544,-12.041325850460083
2025-11-27 02:00:00,sell,0.0009863622594915914,91145.78,274.47672766053086,600.1688980824174,874.6456257429483,-10.097242496076504
2025-11-27 03:00:00,sell,0.000993708533163979,91389.73,184.39660501789228,690.9836526269695,875.3802576448618,-9.18524545544794
2025-11-27 04:00:00,sell,0.0010034117001215834,91091.68,92.39277351519569,782.3861101227008,874.7788836378965,-8.597542504268773
2025-11-27 05:00:00,sell,0.0010142833408626967,91277.06,0.0,874.9669114836256,874.9669114836256,-7.4191986390751765
2025-12-01 20:00:00,buy,0.001176131585601797,85024.5,100.0,774.9669114836256,874.9669114836256,0.0
2025-12-01 21:00:00,buy,0.001169344328756013,85518.01,200.58043269881034,674.9669114836256,875.547344182436,0.0
2025-12-01 22:00:00,buy,0.0011569167889913352,86436.64,302.73505723801685,574.9669114836256,877.7019687216425,0.0
2025-12-01 23:00:00,buy,0.0011550992143592694,86572.65,403.2114176695993,474.9669114836256,878.1783291532249,0.0
2025-12-02 00:00:00,buy,0.0011589364254993365,86286.01,501.87639418630744,374.9669114836256,876.843305669933,0.0
2025-12-02 01:00:00,buy,0.0011558912366452661,86513.33,603.1985846772855,274.9669114836256,878.1654961609111,0.0
2025-12-02 02:00:00,buy,0.001156672037094935,86454.93,702.7914012138219,174.9669114836256,877.7583126974475,0.0
2025-12-02 03:00:00,buy,0.0011553419662025503,86554.46,803.6004797494569,74.96691148362561,878.5673912330825,0.0
2025-12-03 19:00:00,sell,0.001176131585601797,92623.85,751.0128855906518,183.90474704866864,934.9176326393203,8.937835565043017
2025-12-03 20:00:00,sell,0.001169344328756013,93025.0,645.4872346394403,292.6830032311967,938.170237870637,8.77825618252811
2025-12-03 21:00:00,sell,0.0011569167889913352,92981.45,537.6132468182059,400.2548038009551,937.868050619161,7.571800569758381
2025-12-03 22:00:00,sell,0.0011550992143592694,93700.01,433.53511032034027,508.48761173741076,942.022722057751,8.232807936455686
2025-12-03 23:00:00,sell,0.0011589364254993365,93781.01,325.22365598612356,617.1738402465282,942.3974962326517,8.686228509117527
2025-12-04 00:00:00,sell,0.0011558912366452661,93429.95,216.0113527273839,725.1687006917336,941.1800534191175,7.994860445205376
2025-12-04 01:00:00,sell,0.001156672037094935,93054.87,107.5101964705227,832.802666736238,940.3128632067608,7.633966044504348
2025-12-04 02:00:00,sell,0.0011553419662025503,93195.07,0.0,940.4748421504223,940.4748421504223,7.6721754141843235
2025-12-06 22:00:00,buy,0.0011183144228228293,89420.29,100.0,840.4748421504223,940.4748421504223,0.0
2025-12-06 23:00:00,buy,0.0011199972940865376,89285.93,199.84974327414955,740.4748421504223,940.3245854245719,0.0
2025-12-07 00:00:00,buy,0.0011206139171283595,89236.8,299.7397750194978,640.4748421504223,940.2146171699201,0.0
2025-12-07 01:00:00,buy,0.0011186634566991665,89392.39,400.2623902588977,540.4748421504223,940.7372324093201,0.0
2025-12-07 02:00:00,buy,0.0011198208286674132,89300.0,499.84870580280455,440.4748421504223,940.3235479532268,0.0
2025-12-07 03:00:00,buy,0.0011157980829473138,89621.95,601.6507919263568,340.4748421504223,942.1256340767791,0.0
2025-12-07 04:00:00,buy,0.0011145492478631584,89722.37,702.3249322739529,240.47484215042232,942.7997744243752,0.0
2025-12-07 05:00:00,buy,0.0011168699407187773,89535.94,800.8656034897955,140.47484215042232,941.3404456402178,0.0
2025-12-07 06:00:00,buy,0.00111713108226207,89515.01,900.6783924426891,40.47484215042232,941.1532345931114,0.0
2025-12-08 21:00:00,sell,0.0011183144228228293,90799.92,812.0639861383419,142.0177022775814,954.0816884159233,1.5428601271590736
2025-12-08 22:00:00,sell,0.0011199972940865376,91316.0,714.405845733836,244.29137518438768,958.6972209182237,2.2736729068062687
2025-12-08 23:00:00,sell,0.0011206139171283595,90833.85,608.8440945203728,346.08105164073754,954.9251461611103,1.789676456349838
2025-12-09 00:00:00,sell,0.0011186634566991665,90634.35,506.11754414217864,447.47038690741965,953.5879310495983,1.389335266682096
2025-12-09 01:00:00,sell,0.0011198208286674132,90396.72,403.56244812013483,548.6985168066358,952.2609649267706,1.2281298992161283
2025-12-09 02:00:00,sell,0.0011157980829473138,90055.8,301.5563734810736,649.1826058049224,950.738979285996,0.48408899828669405
2025-12-09 03:00:00,sell,0.0011145492478631584,90068.21,201.21247327805378,749.5680615168035,950.7805347948572,0.3854557118810078
2025-12-09 04:00:00,sell,0.0011168699407187773,90405.02,100.99425783452408,850.5387108448833,951.5329686794074,0.9706493280798867
2025-12-09 05:00:00,sell,0.00111713108226207,89917.52,0.0,950.9883672768046,950.9883672768046,0.4496564319213263
2025-12-14 05:00:00,buy,0.0011086290139299235,90201.5,100.0,850.9883672768046,950.9883672768046,0.0
2025-12-14 06:00:00,buy,0.0011086590037634539,90199.06,199.99729494520602,750.9883672768046,950.9856622220107,0.0
2025-12-14 07:00:00,buy,0.0011093205444944586,90145.27,299.8780270227343,650.9883672768046,950.8663942995389,0.0
2025-12-14 08:00:00,buy,0.0011080872640882213,90245.6,400.21178565977857,550.9883672768046,951.2001529365832,0.0
2025-12-14 09:00:00,buy,0.0011097759273620581,90108.28,499.60281322891433,450.98836727680464,950.591180505719,0.0
2025-12-14 10:00:00,buy,0.0011108633885754586,90020.07,599.113735375526,350.98836727680464,950.1021026523306,0.0
2025-12-14 11:00:00,buy,0.001112920348624525,89853.69,698.0064207145645,250.98836727680464,948.9947879913691,0.0
2025-12-14 12:00:00,buy,0.0011190688094148602,89360.01,794.1713883438473,150.98836727680464,945.1597556206519,0.0
2025-12-14 13:00:00,buy,0.001118172244594364,89431.66,894.8081651299606,50.98836727680464,945.7965324067652,0.0
2025-12-21 06:00:00,sell,0.0011086290139299235,88138.95,784.1605624641521,148.70176450412345,932.8623269682755,-2.286602772681178
2025-12-21 07:00:00,sell,0.0011086590037634539,88090.73,686.0689745492159,246.36434546671885,932.4333200159348,-2.337419037404601
2025-12-21 08:00:00,sell,0.0011093205444944586,88174.79,588.9095453045239,344.1784515202034,933.0879968247273,-2.185893946515449
2025-12-21 09:00:00,sell,0.0011080872640882213,88537.88,493.22688552477655,442.28614873757465,935.5130342623512,-1.8923027826287466
2025-12-21 10:00:00,sell,0.0011097759273620581,88892.82,396.5530737804977,540.9372604889031,937.4903342694008,-1.3488882486714857
2025-12-21 11:00:00,sell,0.0011108633885754586,88669.78,297.05807453602597,639.4372727639436,936.4953472999696,-1.4999877249595528
2025-12-21 12:00:00,sell,0.001112920348624525,88601.57,198.2230698536721,738.0437629370239,936.266832790696,-1.3935098269197397
2025-12-21 13:00:00,sell,0.0011190688094148602,88638.01,99.11256259807767,837.2357952566264,936.3483578547041,-0.8079676803975389
2025-12-21 14:00:00,sell,0.001118172244594364,87670.1,0.0,935.2660677574387,935.2660677574387,-1.9697274991876412
2025-12-24 18:00:00,buy,0.0011451766818665967,87322.77,100.0,835.2660677574387,935.2660677574387,0.0
2025-12-24 19:00:00,buy,0.0011432407491245061,87470.64,200.1693372759476,735.2660677574387,935.4354050333864,0.0
2025-12-24 20:00:00,buy,0.0011419948388685251,87566.07,300.3877209513871,635.2660677574387,935.6537887088258,0.0
2025-12-24 21:00:00,buy,0.0011421234427575154,87556.21,400.3538970864063,535.2660677574387,935.619964843845,0.0
2025-12-24 22:00:00,buy,0.0011402984434698187,87696.34,500.9946465158153,435.2660677574387,936.260714273254,0.0
2025-12-24 23:00:00,buy,0.001136236842661421,88009.82,602.7855057670654,335.2660677574387,938.0515735245041,0.0
2025-12-25 00:00:00,buy,0.0011406483262582719,87669.44,700.4542189805115,235.2660677574387,935.7202867379502,0.0
2025-12-25 01:00:00,buy,0.0011419648441554867,87568.37,799.646698048333,135.2660677574387,934.9127658057716,0.0
2025-12-25 02:00:00,buy,0.0011402508551881414,87700.0,900.8487016355198,35.26606775743869,936.1147693929585,0.0
2025-12-26 14:00:00,sell,0.0011451766818665967,88992.88,812.2165099616495,137.17863878559092,949.3951487472405,1.9125710281522288
2025-12-26 15:00:00,sell,0.0011432407491245061,87380.44,697.6032800554663,237.0755184700199,934.6787985254862,-0.10312031557101875
2025-12-26 16:00:00,buy,0.0011476074507725178,87137.81,795.6662391817895,137.0755184700199,932.7417576518094,0.0
2025-12-26 17:00:00,buy,0.001151333192026373,86855.83,893.0914445418452,37.07551847001989,930.1669630118652,0.0
2025-12-26 18:00:00,sell,0.0011419948388685251,87331.91,798.2541267703848,136.80810895855043,935.0622357289352,-0.26740951146945235
2025-12-26 19:00:00,sell,0.0011421234427575154,87277.78,698.0773549168566,236.49010752838348,934.5674624452402,-0.3180014301669729
2025-12-26 20:00:00,sell,0.0011402984434698187,87501.83,600.0911824339088,336.2683080781442,936.359490512053,-0.2217994502393168
2025-12-26 21:00:00,sell,0.001136236842661421,87585.76,501.1486104534312,435.78647548264513,936.9350859360763,-0.48183259549901436
2025-12-26 22:00:00,sell,0.0011406483262582719,87470.59,400.716448129448,535.5596575629687,936.2761056924166,-0.22681791967646348
2025-12-26 23:00:00,sell,0.0011419648441554867,87549.99,301.1011812568497,635.5386682491331,936.6398495059829,-0.0209893138355568
2025-12-27 00:00:00,sell,0.0011402508551881414,87369.56,200.85743242745625,735.1618837565447,936.019316184001,-0.37678449258837077
2025-12-27 01:00:00,sell,0.0011476074507725178,87401.08,100.62776442295238,835.4640143701097,936.0917787930621,0.30213061356488424
2025-12-27 02:00:00,buy,0.0011431833747299087,87475.03,200.71290551250274,735.4640143701097,936.1769198826124,0.0
2025-12-27 03:00:00,buy,0.0011435627537494278,87446.01,300.64631864173543,635.4640143701097,936.1103330118451,0.0
2025-12-27 04:00:00,buy,0.0011426713118540836,87514.23,400.8808644129804,535.4640143701097,936.34487878309,0.0
2025-12-27 05:00:00,buy,0.0011432466306521114,87470.19,500.67912815513125,435.4640143701097,936.1431425252409,0.0
2025-12-27 06:00:00,buy,0.0011427786502892774,87506.01,600.8841617370922,335.4640143701097,936.3481761072019,0.0
2025-12-27 07:00:00,buy,0.0011432619229071047,87469.02,700.6301596960593,235.46401437010968,936.094174066169,0.0
2025-12-27 08:00:00,buy,0.0011423445891591956,87539.26,801.1927847536746,135.46401437010968,936.6567991237843,0.0
2025-12-27 09:00:00,buy,0.0011416436083198876,87593.01,901.684725309038,35.46401437010968,937.1487396791476,0.0
2025-12-29 13:00:00,sell,0.001151333192026373,87396.99,799.0438348557177,136.0870698403067,935.1309046960243,0.6230554701970021
2025-12-29 14:00:00,sell,0.0011431833747299087,87387.7,699.0587334433338,235.98723563619154,935.0459690795253,-0.09983420411516875
2025-12-29 15:00:00,sell,0.0011435627537494278,87429.97,599.4152154550712,335.96889288962143,935.3841083446927,-0.018342746570127133
2025-12-29 16:00:00,sell,0.0011426713118540836,87691.62,501.00637544856534,436.17159135363124,937.1779668021966,0.20269846400978508
2025-12-29 17:00:00,sell,0.0011432466306521114,87627.11,400.45841379114376,536.3509896149131,936.8094034060568,0.17939826128191783
2025-12-29 18:00:00,sell,0.0011427786502892774,87850.0,301.08392307592663,636.7440940428262,937.8280171187528,0.39310442791301625
2025-12-29 19:00:00,sell,0.0011432619229071047,87464.78,199.76852521510457,736.7392466122731,936.5077718273776,-0.004847430553127197
2025-12-29 20:00:00,sell,0.0011423445891591956,87366.23,99.74109806250522,836.5415867280109,936.2826847905161,-0.19765988426220815
2025-12-29 21:00:00,sell,0.0011416436083198876,87212.01,0.0,936.106620513241,936.106620513241,-0.4349662147698865
2026-01-09 10:00:00,buy,0.0011069481252007035,90338.47,100.0,836.106620513241,936.106620513241,0.0
2026-01-09 11:00:00,buy,0.001105144924837436,90485.87,200.16316415365458,736.106620513241,936.2697846668955,0.0
2026-01-09 12:00:00,buy,0.0011054228507705681,90463.12,300.1128390367662,636.106620513241,936.2194595500072,0.0
2026-01-09 13:00:00,buy,0.0011055927292684226,90449.22,400.066725565745,536.106620513241,936.173346078986,0.0
2026-01-09 14:00:00,buy,0.0011036594477773732,90607.66,500.7675228970944,436.10662051324096,936.8741434103354,0.0
2026-01-09 15:00:00,buy,0.0011092622174972582,90150.01,598.2381974862642,336.10662051324096,934.3448179995052,0.0
2026-01-09 16:00:00,buy,0.0010967740803329983,91176.48,705.0498835035339,236.10662051324096,941.1565040167749,0.0
2026-01-09 17:00:00,buy,0.0010914184062693693,91623.89,808.5096175092592,136.10662051324096,944.6162380225002,0.0
2026-01-09 18:00:00,buy,0.0010938258670784994,91422.23,906.7301247430502,36.106620513240955,942.8367452562911,0.0
2026-01-13 19:00:00,sell,0.0011069481252007035,93633.71,825.0160312293266,139.75428025332732,964.7703114826539,3.647659740086368
2026-01-13 20:00:00,sell,0.001105144924837436,94226.85,726.107922333114,243.8886053142457,969.9965276473597,4.134325060918357
2026-01-13 21:00:00,sell,0.0011054228507705681,94408.7,623.1477160672478,348.25013960578906,971.3978556730368,4.361534291543336
2026-01-13 22:00:00,sell,0.0011055927292684226,94087.23,517.0036853996703,452.2722970107949,969.2759824104652,4.022157405005814
2026-01-13 23:00:00,sell,0.0011036594477773732,95757.19,420.4966879976123,557.9556244469079,978.4523124445202,5.683327436113004
2026-01-14 00:00:00,sell,0.0011092622174972582,95413.99,313.1504663779227,663.7947585745692,976.9452249524919,5.839134127661225
2026-01-14 01:00:00,sell,0.0010967740803329983,95236.84,208.11575922174723,768.2480561793901,976.3638154011373,4.453297604820889
2026-01-14 02:00:00,sell,0.0010914184062693693,95245.61,104.18211194367059,872.200868049744,976.3829799934147,3.952811870353898
2026-01-14 03:00:00,sell,0.0010938258670784994,95347.47,0.0,976.4943970962353,976.4943970962353,4.2935290464912015
2026-01-19 22:00:00,buy,0.0010752293921265897,93003.41,100.0,876.4943970962353,976.4943970962353,0.0
2026-01-19 23:00:00,buy,0.001080312832668833,92565.78,199.52944736112363,776.4943970962353,976.0238444573589,0.0
2026-01-20 00:00:00,buy,0.0010795523182900236,92630.99,299.6700102696026,676.4943970962353,976.1644073658379,0.0
2026-01-20 01:00:00,buy,0.0010785403897197844,92717.9,399.9511723363421,576.4943970962353,976.4455694325774,0.0
2026-01-20 02:00:00,buy,0.0010785570244423671,92716.47,499.9450038383882,476.4943970962353,976.4394009346234,0.0
2026-01-20 03:00:00,buy,0.001080471928528943,92552.15,599.0589588559733,376.4943970962353,975.5533559522086,0.0
2026-01-20 04:00:00,buy,0.0010818421131492176,92434.93,698.3002331952825,276.4943970962353,974.7946302915178,0.0
2026-01-20 05:00:00,buy,0.001086217185650376,92062.62,795.4876150668224,176.49439709623528,971.9820121630577,0.0
2026-01-20 06:00:00,buy,0.0010914148326986574,91624.19,891.6992628010089,76.49439709623528,968.1936598972442,0.0
2026-02-15 06:00:00,sell,0.0010752293921265897,70267.6,608.3001925084639,152.04818593042964,760.3483784388935,-24.446211165805636
2026-02-15 07:00:00,sell,0.001080312832668833,70405.12,533.4311359610051,228.10774055201875,761.5388765130239,-23.9404453784109
2026-02-15 08:00:00,sell,0.0010795523182900236,70828.43,460.1753889185768,304.5707363593614,764.7461252779382,-23.53700419265735
2026-02-15 09:00:00,sell,0.0010785403897197844,70446.52,381.7146859101466,380.550153494564,762.2648394047105,-24.020582864797404
2026-02-15 10:00:00,sell,0.0010785570244423671,70419.12,305.6151823945821,456.50119002561394,762.1163724201961,-24.04896346895002
2026-02-15 11:00:00,sell,0.001080471928528943,70427.02,229.55504984850995,532.5956081455604,762.1506579940703,-23.90558188005356
2026-02-15 12:00:00,sell,0.0010818421131492176,70295.22,153.07712180888933,608.6439374946495,761.7210593035388,-23.951670650910856
2026-02-15 13:00:00,sell,0.001086217185650376,69314.22,75.65056782493794,683.9342344686006,759.5848022935386,-24.709703026049
2026-02-15 14:00:00,sell,0.0010914148326986574,68930.0,0.0,759.1654588865191,759.1654588865191,-24.768775582081545
2026-02-17 16:00:00,buy,0.0014838543294269386,67392.06,100.0,659.1654588865191,759.1654588865191,0.0
2026-02-17 17:00:00,buy,0.001481100564358559,67517.36,200.1859269474772,559.1654588865191,759.3513858339963,0.0
2026-02-17 18:00:00,buy,0.0014871166622201879,67244.22,299.37607916778865,459.1654588865191,758.5415380543077,0.0
2026-02-17 19:00:00,buy,0.0014684583228766863,68098.63,403.1799736259555,359.1654588865191,762.3454325124746,0.0
2026-02-17 20:00:00,buy,0.0014750715852240308,67793.32,501.3723766486339,259.1654588865191,760.537835535153,0.0
2026-02-17 21:00:00,buy,0.0014759428692034187,67753.3,601.0764046780403,159.1654588865191,760.2418635645594,0.0
2026-02-17 22:00:00,buy,0.0014775293640491988,67680.55,700.430999827792,59.165458886519104,759.5964587143111,0.0
2026-02-26 18:00:00,sell,0.0014838543294269386,66826.8,592.4342416569236,158.32669538826724,750.7609370451909,-0.8387634982518506
2026-02-26 19:00:00,sell,0.001481100564358559,67310.53,497.02895025149974,258.020359358541,755.0493096100407,-0.3063360297262818
2026-02-26 20:00:00,sell,0.0014871166622201879,67589.21,398.5737161023802,358.53339973584036,757.1071158382206,0.5130403772993617
2026-02-26 21:00:00,sell,0.0014684583228766863,67414.07,298.5461629768521,457.5281519063319,756.074314883184,-1.0052478295084626
2026-02-26 22:00:00,sell,0.0014750715852240308,67463.65,199.25201702887293,557.041865056831,756.293882085704,-0.48628684950082857
2026-02-26 23:00:00,sell,0.0014759428692034187,67572.3,99.84005744634167,656.7747193975052,756.6147768438469,-0.2671456593258199
2026-02-27 00:00:00,sell,0.0014775293640491988,67485.19,0.0,756.4860692609445,756.4860692609445,-0.28865013656064775
2026-02-28 10:00:00,buy,0.0015708808950250987,63658.55,100.0,656.4860692609445,756.4860692609445,0.0
2026-02-28 11:00:00,buy,0.0015622466231258118,64010.38,200.5526830252967,556.4860692609445,757.0387522862412,0.0
2026-02-28 12:00:00,buy,0.0015663129931928039,63844.2,300.03201989433035,456.48606926094453,756.5180891552749,0.0
2026-02-28 13:00:00,buy,0.0015620806789677396,64017.18,400.84492911398263,356.48606926094453,757.3309983749272,0.0
2026-02-28 14:00:00,buy,0.0015359461312972832,65106.45,507.66541630095315,256.48606926094453,764.1514855618977,0.0
2026-02-28 15:00:00,buy,0.0015519366462214532,64435.62,602.4346412975984,156.48606926094453,758.920710558543,0.0
2026-02-28 16:00:00,buy,0.001542230036873178,64841.17,706.2262920767519,56.48606926094453,762.7123613376964,0.0
2026-03-02 12:00:00,sell,0.0015708808950250987,66359.67,618.5221005097237,160.72920706411472,779.2513075738384,4.243137803170185
2026-03-02 13:00:00,sell,0.0015622466231258118,65963.43,511.777699530249,263.7803528314106,775.5580523616595,3.05114576729585
2026-03-02 14:00:00,sell,0.0015663129931928039,65440.01,405.2172041273907,366.2798907690776,771.4970948964683,2.4995379376670144
2026-03-02 15:00:00,sell,0.0015620806789677396,67177.05,311.0373200380464,471.2158626441274,782.2531826821738,4.935971875049802
2026-03-02 16:00:00,sell,0.0015359461312972832,69130.2,213.90036163566845,577.3961258899349,791.2964875256033,6.1802632458074385
2026-03-02 17:00:00,sell,0.0015519366462214532,69428.62,107.07490318265386,685.1449455645186,792.2198487471725,7.7488196745837
2026-03-02 18:00:00,sell,0.001542230036873178,69198.0,0.0,791.8641796560688,791.8641796560688,6.719234091550177
2026-03-08 06:00:00,buy,0.0014892048286573047,67149.93,100.0,691.8641796560688,791.8641796560688,0.0
2026-03-08 07:00:00,buy,0.0014889478379881812,67161.52,200.01725988396413,591.8641796560688,791.8814395400329,0.0
2026-03-08 08:00:00,buy,0.0014854448684564299,67319.9,300.48893970330744,491.8641796560688,792.3531193593763,0.0
2026-03-08 09:00:00,buy,0.0014806185550525072,67539.34,401.4684315464102,391.8641796560688,793.332611202479,0.0
2026-03-08 10:00:00,buy,0.001477519540195919,67681.0,502.3104891977415,291.8641796560688,794.1746688538103,0.0
2026-03-08 11:00:00,buy,0.001472664041888456,67904.15,603.9666495036541,191.8641796560688,795.830829159723,0.0
2026-03-08 12:00:00,buy,0.001481152336517811,67515.0,700.5053938712024,91.86417965606881,792.3695735272712,0.0
2026-03-11 03:00:00,sell,0.0014892048286573047,69810.73,620.3623836761739,195.82665586416016,816.1890395403341,3.96247620809136
2026-03-11 04:00:00,sell,0.0014889478379881812,69551.91,514.5032532765721,299.3858218866087,813.8890751631808,3.559166022448565
2026-03-11 05:00:00,sell,0.0014854448684564299,70130.99,414.61122007233257,403.56154110187794,818.1727611742106,4.175719215269211
2026-03-11 06:00:00,sell,0.0014806185550525072,69510.37,308.0237992963278,506.4798846924431,814.503683988771,2.9183435905651294
2026-03-11 07:00:00,sell,0.001477519540195919,69950.01,206.61948520768215,609.832391304343,816.4518765120251,3.3525066118999405
2026-03-11 08:00:00,sell,0.001472664041888456,69648.28,103.15971265644671,712.4009088397219,815.5606214961686,2.5685175353789163
2026-03-11 09:00:00,sell,0.001481152336517811,69662.24,0.0,815.5812983827864,815.5812983827864,3.1803895430645213
