timestamp,open,high,low,close,volume,signal
2025-03-11 22:00:00,100.0,100.5,99.5,100.0,1000,1
2025-03-11 23:00:00,100.0,101.5,100.5,101.0,1000,-1
2025-03-12 00:00:00,101.0,102.5,101.5,102.0,1000,1
2025-03-12 01:00:00,102.0,101.5,100.5,101.0,1000,-1
2025-03-12 02:00:00,101.0,100.5,99.5,100.0,1000,1
2025-03-12 03:00:00,100.0,101.5,100.5,101.0,1000,-1
2025-03-12 04:00:00,101.0,102.5,101.5,102.0,1000,1
2025-03-12 05:00:00,102.0,101.5,100.5,101.0,1000,-1
2025-03-12 06:00:00,101.0,100.5,99.5,100.0,1000,0
